name,samples,mse,time_ms,flip
purple_cloud-first_order_similarity,4,1.8269173,72.587,0.009551036171615124
purple_cloud-first_order_similarity,8,1.3719037,121.85866666666665,0.009469576179981232
purple_cloud-first_order_similarity,16,1.1395955,270.3143333333333,0.009455288760364056
purple_cloud-first_order_similarity,32,1.014077,475.442,0.009464805014431477
purple_cloud-first_order_similarity,64,0.94926345,779.386,0.009473459795117378
purple_cloud-first_order_similarity,128,0.9219929,1401.2153333333333,0.009481825865805149
purple_cloud-first_order_similarity,256,0.9103308,2643.3413333333333,0.009476725943386555
purple_cloud-first_order_similarity,512,0.89942515,5167.436,0.00946786068379879
purple_cloud-first_order_similarity,1024,0.89164877,10444.710666666666,0.009459426626563072
